"Title","ID","Owner","Created Date","Updated Date","name"
,"ade44d35-22eb-433e-b382-c56f63bd4032","4cae7c50-911e-4ce3-af40-51b09400bae8",2019-04-11T11:28:37Z,2019-04-11T11:28:37Z,"T.I: 1-SERVICIOS"
,"933f1c65-d62a-42df-9d10-2bcf08d8e164","4cae7c50-911e-4ce3-af40-51b09400bae8",2019-04-11T11:28:37Z,2019-04-11T11:28:37Z,"T.I. 2-PROCESOS"
,"94390ae7-2102-4d6b-9c25-1b258613c3ff","4cae7c50-911e-4ce3-af40-51b09400bae8",2019-04-11T11:28:37Z,2019-04-11T11:28:37Z,"T.I. 3-GESTION PERSONAS"
,"0e757242-2325-4663-98c0-4332f586df66","4cae7c50-911e-4ce3-af40-51b09400bae8",2019-04-11T11:28:37Z,2019-04-11T11:28:37Z,"T.I. 4-PARTICIPACIÓN"
,"9dfb1e53-0fcd-4b83-a78b-e878c4f34eaf","4cae7c50-911e-4ce3-af40-51b09400bae8",2019-04-11T11:28:37Z,2019-04-11T11:28:37Z,"T.I. 5-ORGANIZATIVA"
,"c5645b84-9b00-45e1-9f48-c65ae386b227","4cae7c50-911e-4ce3-af40-51b09400bae8",2019-04-11T11:28:37Z,2019-04-11T11:28:37Z,"T.I. 6-CAMBIO CULTURAL"
,"8562c331-4e8f-49b1-9a96-4477f7db741a","4cae7c50-911e-4ce3-af40-51b09400bae8",2019-04-11T11:28:37Z,2019-04-11T11:28:37Z,"T.I. 7-TECNOLÓGICA"
,"3fadca1a-2e45-4fba-ad06-8a07fb291961","4cae7c50-911e-4ce3-af40-51b09400bae8",2019-04-11T11:28:37Z,2019-04-11T11:28:37Z,"T.I. 8-TRANSPARENCIA"
,"892390d6-8fe4-4020-905a-78092e891c38","4cae7c50-911e-4ce3-af40-51b09400bae8",2019-04-11T11:28:37Z,2019-04-11T11:28:37Z,"T.I. 9-COLABORACIÓN"
,"5fd5e810-cd25-4420-bf77-943158331137","4cae7c50-911e-4ce3-af40-51b09400bae8",2019-04-11T11:28:37Z,2019-04-11T11:28:37Z,"T.I. 10-GEST.CON"
,"a768403c-26f2-4716-9210-c033b90ead96","4cae7c50-911e-4ce3-af40-51b09400bae8",2019-04-11T11:28:37Z,2019-04-11T11:28:37Z,"T.I. 11-BIENESTAR"
,"9a02c88e-15a8-42c0-9fdd-ebb89fde1ff6","4cae7c50-911e-4ce3-af40-51b09400bae8",2019-04-11T11:28:37Z,2019-04-11T11:28:37Z,"T.I. 12-IGUALDAD GEN"
,"80930099-4c04-4114-b347-7b86f5b495b6","4cae7c50-911e-4ce3-af40-51b09400bae8",2019-04-11T11:28:37Z,2019-04-11T11:28:37Z,"T.I. 13-SENSIB.CUIDAD."
,"25e8a59f-e52f-40a1-810f-34ca9c978dd0","4cae7c50-911e-4ce3-af40-51b09400bae8",2019-04-11T11:28:37Z,2019-04-11T11:28:37Z,"T.I. 14-NORMATIVO"
,"1f216f9d-72da-4632-8b99-e24e11b8d8e2","4cae7c50-911e-4ce3-af40-51b09400bae8",2019-04-11T11:28:37Z,2019-04-11T11:28:37Z,"A.A. 1-TURISMO"
,"bf60dea4-e7d3-412f-8eb0-4b3b26942ebe","4cae7c50-911e-4ce3-af40-51b09400bae8",2019-04-11T11:28:37Z,2019-04-11T11:28:37Z,"A.A. 2-JUSTICIA"
,"2078550f-35a9-468e-9379-b85177b0fad1","4cae7c50-911e-4ce3-af40-51b09400bae8",2019-04-11T11:28:37Z,2019-04-11T11:28:37Z,"A.A. 3-ADMON PUB."
,"9818dd62-c5d5-4221-9809-f96ddfc6e344","4cae7c50-911e-4ce3-af40-51b09400bae8",2019-04-11T11:28:37Z,2019-04-11T11:28:37Z,"A.A. 4-INTERIOR"
,"8567019d-5f49-4d78-bd5b-679173a1ff03","4cae7c50-911e-4ce3-af40-51b09400bae8",2019-04-11T11:28:37Z,2019-04-11T11:28:37Z,"A.A. 5-EMPLEO"
,"bdc05aec-e67e-49dc-9283-038ca4a13c13","4cae7c50-911e-4ce3-af40-51b09400bae8",2019-04-11T11:28:37Z,2019-04-11T11:28:37Z,"A.A. 6-HACIENDA"
,"a5e1e2d1-5915-4f0d-ac11-000449f4f6d2","4cae7c50-911e-4ce3-af40-51b09400bae8",2019-04-11T11:28:37Z,2019-04-11T11:28:37Z,"A.A. 7-IND.ENERG"
,"c6250751-8025-48d6-9626-7fb44dbdddca","4cae7c50-911e-4ce3-af40-51b09400bae8",2019-04-11T11:28:37Z,2019-04-11T11:28:37Z,"A.A. 8-EDUCACIÓN"
,"00ea2682-36a0-455c-bd9a-b2e67f3355e9","4cae7c50-911e-4ce3-af40-51b09400bae8",2019-04-11T11:28:37Z,2019-04-11T11:28:37Z,"A.A. 9-DEPORTE"
,"db2414d3-52e2-4f4f-8b29-ef3039edc0b0","4cae7c50-911e-4ce3-af40-51b09400bae8",2019-04-11T11:28:37Z,2019-04-11T11:28:37Z,"A.A. 10-AGRIC-GAN-PESC"
,"019159e4-143a-44a0-9735-0122d93ef108","4cae7c50-911e-4ce3-af40-51b09400bae8",2019-04-11T11:28:37Z,2019-04-11T11:28:37Z,"A.A. 11-M.AMBIENTE"
,"d95405d3-08a3-4358-accb-de46d07f3475","4cae7c50-911e-4ce3-af40-51b09400bae8",2019-04-11T11:28:37Z,2019-04-11T11:28:37Z,"A.A. 12-ECON.EMP."
,"53505a15-b7d5-4fb5-aa39-f5c87ecaeb29","4cae7c50-911e-4ce3-af40-51b09400bae8",2019-04-11T11:28:37Z,2019-04-11T11:28:37Z,"A.A. 13-CON-UNIV"
,"8d02c415-69e2-45e1-94de-5a525f4f50a0","4cae7c50-911e-4ce3-af40-51b09400bae8",2019-04-11T11:28:37Z,2019-04-11T11:28:37Z,"A.A. 14-SALUD"
,"d2e03d7a-7660-4bac-a6b5-993e0efdecac","4cae7c50-911e-4ce3-af40-51b09400bae8",2019-04-11T11:28:37Z,2019-04-11T11:28:37Z,"A.A. 15-POLIT.SOC."
,"41587061-c228-493d-a174-f36938760845","4cae7c50-911e-4ce3-af40-51b09400bae8",2019-04-11T11:28:37Z,2019-04-11T11:28:37Z,"A.A. 16-MEDIO RURAL"
,"c506014d-8456-49c3-90b2-f9a366df334c","4cae7c50-911e-4ce3-af40-51b09400bae8",2019-04-11T11:28:37Z,2019-04-11T11:28:37Z,"A.A. 17-MOVILIDAD"
,"9b705bbb-4019-4a12-bef8-f7f11bb9a3bd","4cae7c50-911e-4ce3-af40-51b09400bae8",2019-04-11T11:28:37Z,2019-04-11T11:28:37Z,"A.A. 18-CULTURA"
,"e3154478-3451-426a-b15c-6037f84158b4","4cae7c50-911e-4ce3-af40-51b09400bae8",2019-04-11T11:28:37Z,2019-04-11T11:28:37Z,"A.A. 19-FOMENTO"
,"ee3cd6af-3503-4706-872a-d064fd7bb13e","4cae7c50-911e-4ce3-af40-51b09400bae8",2019-04-11T11:28:37Z,2019-04-11T11:28:37Z,"Ayuntamientos"
,"e34ecd84-dfe1-49ae-a4e6-69ea872c13fe","4cae7c50-911e-4ce3-af40-51b09400bae8",2019-04-11T11:28:37Z,2019-04-11T11:28:37Z,"Diputaciones"
